{
  "candidate_id": 1,
  "bounding_box": [
    165.0,
    49.55998229980469,
    399.9599914550781,
    892.3170776367188
  ],
  "walls": [
    {
      "polygon": [
        [
          216.6,
          307.32
        ],
        [
          220.68,
          307.32
        ],
        [
          220.68,
          56.76
        ],
        [
          328.92,
          56.76
        ],
        [
          328.92,
          383.88
        ],
        [
          328.92,
          391.08
        ],
        [
          384.6,
          391.08
        ],
        [
          384.6,
          397.8
        ],
        [
          391.8,
          397.8
        ],
        [
          391.8,
          391.08
        ],
        [
          391.8,
          383.88
        ],
        [
          384.6,
          383.88
        ],
        [
          336.12,
          383.88
        ],
        [
          336.12,
          56.76
        ],
        [
          336.12,
          49.56
        ],
        [
          220.68,
          49.56
        ],
        [
          216.6,
          49.56
        ],
        [
          216.6,
          56.76
        ],
        [
          216.6,
          307.32
        ]
      ],
      "thickness": 4.0800000000000125,
      "length_pt": 327.12,
      "length_inches": 4.543333333333333,
      "source": "polygon"
    },
    {
      "polygon": [
        [
          215.4,
          354.36
        ],
        [
          215.4,
          561.72
        ],
        [
          215.4,
          568.92
        ],
        [
          225.72,
          568.92
        ],
        [
          225.72,
          561.72
        ],
        [
          222.6,
          561.72
        ],
        [
          222.6,
          354.36
        ],
        [
          220.68,
          354.36
        ],
        [
          220.68,
          329.88
        ],
        [
          216.6,
          329.88
        ],
        [
          216.6,
          354.36
        ],
        [
          215.4,
          354.36
        ]
      ],
      "thickness": 1.1999999999999886,
      "length_pt": 207.36,
      "length_inches": 2.8800000000000003,
      "source": "polygon"
    },
    {
      "polygon": [
        [
          384.6,
          561.72
        ],
        [
          383.64,
          561.72
        ],
        [
          383.64,
          568.92
        ],
        [
          384.6,
          568.92
        ],
        [
          391.8,
          568.92
        ],
        [
          391.8,
          561.72
        ],
        [
          391.8,
          534.6
        ],
        [
          384.6,
          534.6
        ],
        [
          384.6,
          561.72
        ]
      ],
      "thickness": 0.9600000000000364,
      "length_pt": 27.120000000000005,
      "length_inches": 0.3766666666666667,
      "source": "polygon"
    },
    {
      "polygon": [
        [
          308.52,
          622.68
        ],
        [
          308.52,
          633.96
        ],
        [
          320.76,
          633.96
        ],
        [
          320.76,
          622.68
        ],
        [
          308.52,
          622.68
        ]
      ],
      "thickness": 11.280000000000086,
      "length_pt": 12.240000000000009,
      "length_inches": 0.17000000000000012,
      "source": "polygon"
    },
    {
      "polygon": [
        [
          374.76,
          622.68
        ],
        [
          374.76,
          633.96
        ],
        [
          386.76,
          633.96
        ],
        [
          386.76,
          622.68
        ],
        [
          374.76,
          622.68
        ]
      ],
      "thickness": 11.280000000000086,
      "length_pt": 12.0,
      "length_inches": 0.16666666666666666,
      "source": "polygon"
    },
    {
      "polygon": [
        [
          384.6,
          457.56
        ],
        [
          384.6,
          475.08
        ],
        [
          391.8,
          475.08
        ],
        [
          391.8,
          457.56
        ],
        [
          384.6,
          457.56
        ]
      ],
      "thickness": 7.199999999999989,
      "length_pt": 17.519999999999982,
      "length_inches": 0.24333333333333307,
      "source": "polygon"
    },
    {
      "polygon": [
        [
          299.64,
          561.72
        ],
        [
          299.64,
          568.92
        ],
        [
          311.4,
          568.92
        ],
        [
          311.4,
          561.72
        ],
        [
          299.64,
          561.72
        ]
      ],
      "thickness": 7.199999999999932,
      "length_pt": 11.759999999999991,
      "length_inches": 0.16333333333333322,
      "source": "polygon"
    }
  ],
  "total_lf_pt": 615.12,
  "total_lf_inches": 8.543333333333333,
  "stats": {
    "paired_count": 0,
    "offset_count": 0,
    "polygon_count": 7,
    "total_wall_count": 7
  }
}